<suite name="Group of group Suite" verbose="1">
    <test name="Group of group Test">
        <groups>
            <define name="include-group">
                <include name="include-test-one" />
                <include name="include-test-two" />
            </define>
            <define name="exclude-group">
                <include name="test-one-exclude" />
                <include name="test-two-exclude" />
            </define>
            <run>
                <include name="include-group" />
                <exclude name="exclude-group" />
            </run>
        </groups>
        <classes>
            <class name="continuousintegration.FirstSeleniumTestScript" />
        </classes>
    </test>
</suite>